policier_zeta_sd2	policier_welsh	policier_LLR	blanche_zeta_sd2	blanche_welsh	blanche_LLR	scifi_zeta_sd2	scifi_welsh	scifi_LLR	sentimental_zeta_sd2	sentimental_welsh	sentimental_LLR
police	police	mr	paris	qui	vous	planète	humain	je	baiser	lui	lui
flic	cela	je	français	comme	mon	humain	planète	lui	murmurer	son	vous
enquête	enquête	vous	saint	jour	on	système	système	me	embrasser	sourire	son
meurtre	meurtre	inspecteur	france	où	tu	vaisseau	sol	planète	merci	murmurer	on
inspecteur	affaire	commissaire	écrire	on	marie	écran	utiliser	mon	oh	regard	le
policier	flic	cela	guerre	par	me	espace	atteindre	vaisseau	désolé	jeune	jeune
téléphone	dire	yudel	hiver	dont	rhada	surface	un	vous	chéri	ne	kelly
assassin	oui	dire	été	chaque	le	cerveau	le	humain	dîner	répondre	marina
mr	on	police	cheval	au	lui	utiliser	espace	monsieur	protester	merci	de
commissaire	voiture	flic	marie	le	se	centre	surface	ender	soupir	vous	tu
voiture	coup	mathias	parfois	de	de	niveau	forme	le	mademoiselle	lèvre	jed
foutre	inspecteur	leur	fleur	dans	mr	univers	écran	valentin	exclamer	aimer	tia
crime	foutre	méry	fils	paris	antoine	paroi	centre	femme	ravir	se	angie
cigarette	faire	miss	roi	mon	qui	émettre	leur	valleroy	soupirer	oeil	alex
téléphoner	bon	on	printemps	grand	lalla	contrôle	émettre	elisa	bouleverser	femme	catlin
type	téléphone	cadin	enfance	français	il	base	paroi	mère	colère	baiser	sean
journal	crime	mrs	soldat	parfois	isambour	métal	vaisseau	pyanfar	répliquer	soudain	sourire
gars	aller	meurtre	église	écrire	pas	centaine	autre	terrien	insister	oh	ou
assassiner	assassin	wexford	cour	celui	comme	sol	centaine	écran	amoureux	pourquoi	murmurer
bureau	mr	de	pays	plus	avoir	puissance	former	miro	épouser	cœur	rebecca
mec	assassiner	lui	mer	même	paris	atteindre	contrôle	système	désir	espérer	femme
affaire	vous	christaine	soi	vie	ludo	masse	niveau	weller	promettre	vouloir	jenna
con	type	dave	mère	france	djafar	cité	nouveau	fran	songer	embrasser	lauren
truc	poche	aina	allemand	fin	prisko	créature	de	copeau	merveilleux	si	regard
poche	tuer	nigel	souvent	saint	votre	membre	cerveau	mme	heureux	demander	bethany
numéro	mettre	assassin	croix	souvent	mère	ordinateur	pouvoir	père	mariage	heureux	se
tuer	heure	voiture	oiseau	sans	camier	former	mètre	louis	surprise	désolé	lindsay
merde	pas	samantha	ventre	chacun	français	étoile	moyen	cité	sienne	pas	kayla
monsieur	téléphoner	marc	chacun	leur	jour	zone	métal	chez	déjeuner	soupir	thyra
mrs	policier	laviolette	rue	fond	te	donnée	donnée	mu	espérer	serrer	meg
client	chez	louis	malheur	ou	madeleine	réseau	extérieur	antonin	regretter	bras	bonnie
hein	porte	raoul	fête	là	pouvoir	extérieur	univers	krug	séduisant	ajouter	ne
patron	bureau	sern	lendemain	été	par	forme	zone	espace	sourcil	votre	christian
copain	commissaire	me	bonheur	nuit	mercier	arme	conscience	moi	certainement	dîner	vickie
renseignement	sortir	enquête	anglais	mère	planète	spatial	jaillir	leur	brusquement	bouleverser	votre
boulot	cigarette	policier	dimanche	notre	france	créer	effectuer	paris	émotion	insister	jennie
rue	con	son	âge	rue	saint	effectuer	contact	corson	déclarer	protester	federico
gueule	non	crime	gare	soi	vito	nombreux	masse	voiture	amour	ravir	sammel
payer	journal	step	famille	devenir	demander	mètre	nombre	qing	charmant	croire	hank
garer	être	dana	livre	printemps	fintan	jaillir	nombreux	taël	remercier	colère	clay
victime	je	mec	jeunesse	ni	notre	groupe	créature	mr	sursauter	songer	qui
papier	petit	nous	campagne	enfance	pélagie	nombre	créer	jao	ravissant	prendre	judy
môme	quoi	gardella	fer	malheur	khan	détruire	complexe	mari	lèvre	soupirer	leur
bar	truc	sophia	parmi	me	écrire	vision	puissance	de	attirer	exclamer	senta
suspect	merde	planète	chanter	enfant	leur	constituer	aucun	klyd	tremblant	promettre	victoria
dossier	ah	julia	rose	hiver	mais	combinaison	fonctionner	ingold	sentiment	voix	erin
chaise	tirer	shérif	saison	blanc	vaisseau	supérieur	structure	valentine	charme	devoir	christopher
adresse	deux	marthe	musique	pays	daquin	moyen	ordinateur	soir	prier	épaule	julien
bière	bien	sergent	manger	vivre	où	complexe	électronique	maison	amie	oublier	te
bouteille	entrer	séréna	enfant	misère	david	millier	se	univers	caresser	brusquement	miranda
